[
{
  "model": "auth.user",
  "fields": {
    "password": "pbkdf2_sha256$1000000$TIyUqgSALUAbueVS5Gk6Mp$ZdKOqEqKDDX2MAXRRuzaM5p0L5LFlOxN7yoH0GLLDfE=",
    "last_login": "2025-05-01T02:37:00.987Z",
    "is_superuser": true,
    "username": "sushi",
    "first_name": "",
    "last_name": "",
    "email": "sushilpatel5113@gmail.com",
    "is_staff": true,
    "is_active": true,
    "date_joined": "2025-04-19T03:07:08.554Z",
    "groups": [],
    "user_permissions": []
  }
},
{
  "model": "auth.user",
  "fields": {
    "password": "pbkdf2_sha256$1000000$uO9IDPcmSLTnTSZfI85MX4$8I8g5+uU85uerg/dPmMly6RO4xKag/6hg116MLIy3gs=",
    "last_login": "2025-05-07T18:12:24.866Z",
    "is_superuser": false,
    "username": "susu",
    "first_name": "",
    "last_name": "",
    "email": "",
    "is_staff": false,
    "is_active": true,
    "date_joined": "2025-04-19T05:14:37.645Z",
    "groups": [],
    "user_permissions": []
  }
},
{
  "model": "auth.user",
  "fields": {
    "password": "pbkdf2_sha256$600000$lKjLDcm4ZxnBf8Ye2T8jSQ$w2Tacmvz5mQGlfBKPvyiI9xMDHXX732exbWCmn2Pw6g=",
    "last_login": "2025-04-20T08:13:08.960Z",
    "is_superuser": false,
    "username": "aashi",
    "first_name": "",
    "last_name": "",
    "email": "thalveerpatel@gmail.com",
    "is_staff": false,
    "is_active": true,
    "date_joined": "2025-04-19T08:02:35.843Z",
    "groups": [],
    "user_permissions": []
  }
},
{
  "model": "auth.user",
  "fields": {
    "password": "pbkdf2_sha256$600000$TR2IwqU61zXcPlzLDqldWd$g1kaoutyHi0bgr/W2W1eGU8GGKAekXhCeofwFgDP220=",
    "last_login": "2025-04-20T11:54:17.423Z",
    "is_superuser": false,
    "username": "heena",
    "first_name": "",
    "last_name": "",
    "email": "heena@gmail.com",
    "is_staff": false,
    "is_active": true,
    "date_joined": "2025-04-20T11:54:02.562Z",
    "groups": [],
    "user_permissions": []
  }
},
{
  "model": "auth.user",
  "fields": {
    "password": "pbkdf2_sha256$1000000$4UTHr2mA1Wt3uIF0ukbOxZ$jKr4pxxNbbZ4FW8/MMtJV2HCJVlMby5/F3SnOAn4NBI=",
    "last_login": "2025-05-07T18:18:50.191Z",
    "is_superuser": true,
    "username": "sushil",
    "first_name": "",
    "last_name": "",
    "email": "sushilpatel5113@gmail.com",
    "is_staff": true,
    "is_active": true,
    "date_joined": "2025-05-07T18:18:33.449Z",
    "groups": [],
    "user_permissions": []
  }
},
{
  "model": "auth.user",
  "fields": {
    "password": "pbkdf2_sha256$1000000$E579eANNcDHXgl57Qg63n0$Yx4r+L1fpCn1MlW4SseFXlvLw5bMduHzxc89mxTkmvA=",
    "last_login": "2025-05-08T09:26:10.756Z",
    "is_superuser": false,
    "username": "solo",
    "first_name": "",
    "last_name": "",
    "email": "solo@gmail.com",
    "is_staff": false,
    "is_active": true,
    "date_joined": "2025-05-07T20:16:33.595Z",
    "groups": [],
    "user_permissions": []
  }
},
{
  "model": "sessions.session",
  "pk": "1091w6tlw74z80grf26xe90j7yl3tsuf",
  "fields": {
    "session_data": ".eJxVjE0OwiAYBe_C2hCghIJL956BfH-VqoGktCvj3bVJF7p9M_NeKsO2lrx1WfLM6qycOv1uCPSQugO-Q701Ta2uy4x6V_RBu742luflcP8OCvTyrREJgpcELIHADSMSIhqxxvFEfjAhobPG8hgG52N0zMSMhmKaGDyr9wca9Tky:1u6oDr:ENgVVZg1WuePsiuOn6GWDczWde8CdMdGuczd79Gcr-s",
    "expire_date": "2025-05-05T10:17:55.359Z"
  }
},
{
  "model": "sessions.session",
  "pk": "2bum84zvfus3qoc37k0wp8fd1jxy9ozf",
  "fields": {
    "session_data": ".eJxVjEEOwiAQAP_C2RCgsBWP3n0DWdhFqgaS0p6MfzckPeh1ZjJvEXDfStg7r2EhcRFanH5ZxPTkOgQ9sN6bTK1u6xLlSORhu7w14tf1aP8GBXsZWzIeOPIUWTNppRVZrzEamFM2DJzBzMrlCUiBViahtQwTWG_9mZwTny_onzdq:1uAJmh:fmIScb_E3kiOCnNVzPem0QxLHlGpA86TUQWqcgoayyQ",
    "expire_date": "2025-05-15T02:36:23.002Z"
  }
},
{
  "model": "sessions.session",
  "pk": "2cyts4l3f3l3qfgrmugok7imi0y94boc",
  "fields": {
    "session_data": ".eJxVjMEOwiAQRP-FsyGUXWjx6L3fQBYWpGpoUtqT8d9tkx70Npn3Zt7C07YWv7W0-InFVVhx-e0CxWeqB-AH1fss41zXZQryUORJmxxnTq_b6f4dFGplXxtyBrjTmYLaAynOyXWo-zyA5R41KceYUQUAVGii5YTZAg4OcgQQny_e_Ddx:1uCx3l:o9PGSR7PEJ1q39OkgxBSQYjGnM6RLKwnMhdjLGtixYU",
    "expire_date": "2025-05-22T08:56:53.097Z"
  }
},
{
  "model": "sessions.session",
  "pk": "2uc5whmkuky08pvaguk9zxh41k9z01ed",
  "fields": {
    "session_data": ".eJxVjEEOwiAQAP_C2RCgsBWP3n0DWdhFqgaS0p6MfzckPeh1ZjJvEXDfStg7r2EhcRFanH5ZxPTkOgQ9sN6bTK1u6xLlSORhu7w14tf1aP8GBXsZWzIeOPIUWTNppRVZrzEamFM2DJzBzMrlCUiBViahtQwTWG_9mZwTny_onzdq:1uAJnI:xn0l1xdx1d3cdtk0_tKmX7nidDMS88TObnHqPwo4eus",
    "expire_date": "2025-05-15T02:37:00.996Z"
  }
},
{
  "model": "sessions.session",
  "pk": "493ytti935effbsuk81znjhzd1ju21hq",
  "fields": {
    "session_data": ".eJxVjMEOwiAQRP-FsyGUXWjx6L3fQBYWpGpoUtqT8d9tkx70Npn3Zt7C07YWv7W0-InFVVhx-e0CxWeqB-AH1fss41zXZQryUORJmxxnTq_b6f4dFGplXxtyBrjTmYLaAynOyXWo-zyA5R41KceYUQUAVGii5YTZAg4OcgQQny_e_Ddx:1uClCE:I2GFIfIFJkuAFf_m0hmAVCGNyCEWDNqvfoDUS6-txY8",
    "expire_date": "2025-05-21T20:16:50.034Z"
  }
},
{
  "model": "sessions.session",
  "pk": "4li2ghuzp4aymtkqkm6hdfv9bdnh5sbx",
  "fields": {
    "session_data": ".eJxVjDsOwjAQBe_iGll21j8o6XMGa71e4wBypDipEHeHSCmgfTPzXiLitta4dV7ilMVFWHH63RLSg9sO8h3bbZY0t3WZktwVedAuxznz83q4fwcVe_3WDMGGwgxFpWQ1oDeUnGWtyapQBg--OFDeoAFPShsm4jBANphLcGfx_gDmozfY:1uCjM2:huB_mmbniZ89YOV12qj329WIM1xS8MCj1fzD-QInLNE",
    "expire_date": "2025-05-21T18:18:50.191Z"
  }
},
{
  "model": "sessions.session",
  "pk": "5k76x7trfjhaotxuoxa8ki1ldudgqjkk",
  "fields": {
    "session_data": ".eJxVjE0OwiAYBe_C2hCghIJL956BfH-VqoGktCvj3bVJF7p9M_NeKsO2lrx1WfLM6qycOv1uCPSQugO-Q701Ta2uy4x6V_RBu742luflcP8OCvTyrREJgpcELIHADSMSIhqxxvFEfjAhobPG8hgG52N0zMSMhmKaGDyr9wca9Tky:1u6jRt:w0W_bV0bMo7Y0UDw-w-wLzaEMcfRLmHfcAxWllubo-k",
    "expire_date": "2025-05-05T05:12:05.467Z"
  }
},
{
  "model": "sessions.session",
  "pk": "5rb3k51c45c2v7xx84qlrerpf7m3t1ew",
  "fields": {
    "session_data": ".eJxVjMEOgjAQRP-lZ9OU7VKoR-98Q7PdLRY1JaFwMv67kHDQ22Tem3mrQNuaw1bTEiZRV2XV5beLxM9UDiAPKvdZ81zWZYr6UPRJqx5mSa_b6f4dZKp5X7PYaKMRaMXZhhuCiG60wMjGEfa-Mx6NM61HYO5G8nsATogGKEGvPl_XqTcr:1u63AJ:K0yoaWTDuD5d5Ljm-FpJUNZAEdooqBy_UxVBS06_vPI",
    "expire_date": "2025-05-03T08:03:07.475Z"
  }
},
{
  "model": "sessions.session",
  "pk": "5xo9d2zbyynqgeapdii3ry7lxvbh5g56",
  "fields": {
    "session_data": ".eJxVjMEOwiAQRP-FsyGUXWjx6L3fQBYWpGpoUtqT8d9tkx70Npn3Zt7C07YWv7W0-InFVVhx-e0CxWeqB-AH1fss41zXZQryUORJmxxnTq_b6f4dFGplXxtyBrjTmYLaAynOyXWo-zyA5R41KceYUQUAVGii5YTZAg4OcgQQny_e_Ddx:1uCle0:saY-j5qcF0jngZXc-G-V4RKpyFuNI-KSIY-2hNQmFr8",
    "expire_date": "2025-05-21T20:45:32.762Z"
  }
},
{
  "model": "sessions.session",
  "pk": "7qnq74da0uf9e8kbp2nnaw1j29xan36k",
  "fields": {
    "session_data": ".eJxVjE0OwiAYBe_C2hCghIJL956BfH-VqoGktCvj3bVJF7p9M_NeKsO2lrx1WfLM6qycOv1uCPSQugO-Q701Ta2uy4x6V_RBu742luflcP8OCvTyrREJgpcELIHADSMSIhqxxvFEfjAhobPG8hgG52N0zMSMhmKaGDyr9wca9Tky:1u6jv6:Iu29cithu1HdAxAmB_-pvvFHpYyPQqUby8fpa63V_-8",
    "expire_date": "2025-05-05T05:42:16.772Z"
  }
},
{
  "model": "sessions.session",
  "pk": "8l5fzbitpc3lv3dcbd6tfgmffurc1nmm",
  "fields": {
    "session_data": ".eJxVjDsOwyAQRO9CHSF-ayBlep8BLSwEJ5GRjF1FuXtsyUVSzrw382YBt7WGreclTMSuzLDLbxcxPfN8AHrgfG88tXldpsgPhZ-087FRft1O9--gYq_7WheKQnqdBgGyKA8ecnHoSYAqyjp0JFM21gyGrB5E2iNgAq8EOHCWfb7Uujcm:1u6TFZ:zA5jh47TCWPrFPQdoJbZhmjxJ-OX78sCX6ywwgulKh8",
    "expire_date": "2025-05-04T11:54:17.430Z"
  }
},
{
  "model": "sessions.session",
  "pk": "955nsskdd69a93ojnol76j6r1q9jmqrq",
  "fields": {
    "session_data": ".eJxVjMEOwiAQRP-FsyGUXWjx6L3fQBYWpGpoUtqT8d9tkx70Npn3Zt7C07YWv7W0-InFVVhx-e0CxWeqB-AH1fss41zXZQryUORJmxxnTq_b6f4dFGplXxtyBrjTmYLaAynOyXWo-zyA5R41KceYUQUAVGii5YTZAg4OcgQQny_e_Ddx:1uCleH:kJJvYTLLWHZnOMEDIuExzXoJdHmySGktH6xjfFcRHXg",
    "expire_date": "2025-05-21T20:45:49.249Z"
  }
},
{
  "model": "sessions.session",
  "pk": "9xljvnfslbw2lrbhm4ykx7kfkk1ewu63",
  "fields": {
    "session_data": ".eJxVjDsOwyAQBe9CHSHAfEzK9D4DWtglOIlAMnYV5e6xJRdJ-2bmvVmAbS1h67SEGdmVKXb53SKkJ9UD4APqvfHU6rrMkR8KP2nnU0N63U7376BAL3udZUwCtTXJWgPo0WR06JTJBEhEaK3VTg3So8hOe7m7kYYo0jhGgsQ-XwrkOQE:1u60Xb:gqYt8DwHyeJFgyq7DOn75NQj1gAjmJ1Aa5oPhlXIk5I",
    "expire_date": "2025-05-03T05:14:59.154Z"
  }
},
{
  "model": "sessions.session",
  "pk": "amkkpedn91mmw36nskdz0eqmkusejejr",
  "fields": {
    "session_data": ".eJxVjMEOgjAQRP-lZ9OU7VKoR-98Q7PdLRY1JaFwMv67kHDQ22Tem3mrQNuaw1bTEiZRV2XV5beLxM9UDiAPKvdZ81zWZYr6UPRJqx5mSa_b6f4dZKp5X7PYaKMRaMXZhhuCiG60wMjGEfa-Mx6NM61HYO5G8nsATogGKEGvPl_XqTcr:1u6PnY:klGGYasthA0ilI48ql7FBTZa57gKP4BUseLRfr9mEFo",
    "expire_date": "2025-05-04T08:13:08.980Z"
  }
},
{
  "model": "sessions.session",
  "pk": "boogskqh3nac64j1yb7anp2dgzbi8czl",
  "fields": {
    "session_data": ".eJxVjE0OwiAYBe_C2hCghIJL956BfH-VqoGktCvj3bVJF7p9M_NeKsO2lrx1WfLM6qycOv1uCPSQugO-Q701Ta2uy4x6V_RBu742luflcP8OCvTyrREJgpcELIHADSMSIhqxxvFEfjAhobPG8hgG52N0zMSMhmKaGDyr9wca9Tky:1u6oEN:gWBTBYX0XOSZnS2BhWysJNJtgObdQZCDWBdguxl6z6Y",
    "expire_date": "2025-05-05T10:18:27.243Z"
  }
},
{
  "model": "sessions.session",
  "pk": "c2ighw2tl7qkl1xgp925dqhgkv716w9h",
  "fields": {
    "session_data": ".eJxVjE0OwiAYBe_C2hCghIJL956BfH-VqoGktCvj3bVJF7p9M_NeKsO2lrx1WfLM6qycOv1uCPSQugO-Q701Ta2uy4x6V_RBu742luflcP8OCvTyrREJgpcELIHADSMSIhqxxvFEfjAhobPG8hgG52N0zMSMhmKaGDyr9wca9Tky:1uCjFo:tAyTQ5wTvARKH9FMx1tNLeLSUbXsCkruHRdaaW9pmRo",
    "expire_date": "2025-05-21T18:12:24.866Z"
  }
},
{
  "model": "sessions.session",
  "pk": "ew1ast2ey464ilbcopuaug3qguxsq9fc",
  "fields": {
    "session_data": ".eJxVjMEOwiAQRP-FsyGUXWjx6L3fQBYWpGpoUtqT8d9tkx70Npn3Zt7C07YWv7W0-InFVVhx-e0CxWeqB-AH1fss41zXZQryUORJmxxnTq_b6f4dFGplXxtyBrjTmYLaAynOyXWo-zyA5R41KceYUQUAVGii5YTZAg4OcgQQny_e_Ddx:1uCleR:eytKT4o8PeMlPvYxDorT97jcKFeyZTJvBIHT6Do7WPA",
    "expire_date": "2025-05-21T20:45:59.868Z"
  }
},
{
  "model": "sessions.session",
  "pk": "fx5affi87af2znco0h9yaz9tpk8d13sy",
  "fields": {
    "session_data": ".eJxVjE0OwiAYBe_C2hCghIJL956BfH-VqoGktCvj3bVJF7p9M_NeKsO2lrx1WfLM6qycOv1uCPSQugO-Q701Ta2uy4x6V_RBu742luflcP8OCvTyrREJgpcELIHADSMSIhqxxvFEfjAhobPG8hgG52N0zMSMhmKaGDyr9wca9Tky:1uAaFW:BhGQdznIGuvCOGZMhsatqhlnixaQNVhtM6zWWunBeFs",
    "expire_date": "2025-05-15T20:11:14.977Z"
  }
},
{
  "model": "sessions.session",
  "pk": "gx0xdg4gkafnyy5ac1nrrsnlnpf0yan8",
  "fields": {
    "session_data": ".eJxVjE0OwiAYBe_C2hCghIJL956BfH-VqoGktCvj3bVJF7p9M_NeKsO2lrx1WfLM6qycOv1uCPSQugO-Q701Ta2uy4x6V_RBu742luflcP8OCvTyrREJgpcELIHADSMSIhqxxvFEfjAhobPG8hgG52N0zMSMhmKaGDyr9wca9Tky:1uAaFe:YnzlM2p_ZuCbSej6qc_mh8ibK7t3b7Z6bNwSz8Kw6Cs",
    "expire_date": "2025-05-15T20:11:22.287Z"
  }
},
{
  "model": "sessions.session",
  "pk": "hr48g4w8ef6culs8mqea89os9qv3d5zw",
  "fields": {
    "session_data": ".eJxVjMEOwiAQRP-FsyGUXWjx6L3fQBYWpGpoUtqT8d9tkx70Npn3Zt7C07YWv7W0-InFVVhx-e0CxWeqB-AH1fss41zXZQryUORJmxxnTq_b6f4dFGplXxtyBrjTmYLaAynOyXWo-zyA5R41KceYUQUAVGii5YTZAg4OcgQQny_e_Ddx:1uClCI:tVJEDQcQQuMK5koMknwYDvAr0Q9hVB1BEFS0IsiDXnE",
    "expire_date": "2025-05-21T20:16:54.612Z"
  }
},
{
  "model": "sessions.session",
  "pk": "hw7yw3761qcxc0sgiyqdq3p6hyhb5fd5",
  "fields": {
    "session_data": ".eJxVjE0OwiAYBe_C2hCghIJL956BfH-VqoGktCvj3bVJF7p9M_NeKsO2lrx1WfLM6qycOv1uCPSQugO-Q701Ta2uy4x6V_RBu742luflcP8OCvTyrREJgpcELIHADSMSIhqxxvFEfjAhobPG8hgG52N0zMSMhmKaGDyr9wca9Tky:1uCjFd:57OqGBr3LliSybJoM5uK8c5oHhLz-GyH4SYxR3ewDYI",
    "expire_date": "2025-05-21T18:12:13.611Z"
  }
},
{
  "model": "sessions.session",
  "pk": "i5mgp9ipg5ly99rbclutee1y1c9z893c",
  "fields": {
    "session_data": ".eJxVjDsOwyAQBe9CHSHAfEzK9D4DWtglOIlAMnYV5e6xJRdJ-2bmvVmAbS1h67SEGdmVKXb53SKkJ9UD4APqvfHU6rrMkR8KP2nnU0N63U7376BAL3udZUwCtTXJWgPo0WR06JTJBEhEaK3VTg3So8hOe7m7kYYo0jhGgsQ-XwrkOQE:1u6TH0:VtwLDm1O8CAipmeQ-7EsOJQOG0kXYa_B7JP7kyp0FrM",
    "expire_date": "2025-05-04T11:55:46.575Z"
  }
},
{
  "model": "sessions.session",
  "pk": "ki9uy76i37u72lrzuow8lfixo0qeqhkr",
  "fields": {
    "session_data": ".eJxVjMEOwiAQRP-FsyGUXWjx6L3fQBYWpGpoUtqT8d9tkx70Npn3Zt7C07YWv7W0-InFVVhx-e0CxWeqB-AH1fss41zXZQryUORJmxxnTq_b6f4dFGplXxtyBrjTmYLaAynOyXWo-zyA5R41KceYUQUAVGii5YTZAg4OcgQQny_e_Ddx:1uCleK:zrIe9EtfZLWO8HIOlFSj6tcTvIMofeBYWur9COfOjGU",
    "expire_date": "2025-05-21T20:45:52.418Z"
  }
},
{
  "model": "sessions.session",
  "pk": "l38k50l0lc729fx5zpig5dsb616n9seh",
  "fields": {
    "session_data": ".eJxVjEEOwiAQRe_C2hCgwwgu3fcMZBhAqoYmpV0Z765NutDtf-_9lwi0rTVsPS9hSuIitDj9bpH4kdsO0p3abZY8t3WZotwVedAuxznl5_Vw_w4q9fqtwdjMXGIyunBUhgC8Mvbs2aoBtVVQXPQOoQAOiJjZWOMSuYS5kAXx_gDYUDd4:1u60Zl:7zT1XldWmel1pLxq4MoIsEXij2eaGbxZTuCxPsMfSSI",
    "expire_date": "2025-05-03T05:17:13.054Z"
  }
},
{
  "model": "sessions.session",
  "pk": "l7ts7tmylen98ji3w2cvl65n1glb7hnn",
  "fields": {
    "session_data": ".eJxVjMEOwiAQRP-FsyGUXWjx6L3fQBYWpGpoUtqT8d9tkx70Npn3Zt7C07YWv7W0-InFVVhx-e0CxWeqB-AH1fss41zXZQryUORJmxxnTq_b6f4dFGplXxtyBrjTmYLaAynOyXWo-zyA5R41KceYUQUAVGii5YTZAg4OcgQQny_e_Ddx:1uCxW6:SERUwWKGVQ6gRcUdSnCmO6oVnCaYV-UE77kwgqiVOBM",
    "expire_date": "2025-05-22T09:26:10.762Z"
  }
},
{
  "model": "sessions.session",
  "pk": "nuptx6yymmj97f92bz9roq8kf6tn1si5",
  "fields": {
    "session_data": ".eJxVjMEOwiAQRP-FsyGUXWjx6L3fQBYWpGpoUtqT8d9tkx70Npn3Zt7C07YWv7W0-InFVVhx-e0CxWeqB-AH1fss41zXZQryUORJmxxnTq_b6f4dFGplXxtyBrjTmYLaAynOyXWo-zyA5R41KceYUQUAVGii5YTZAg4OcgQQny_e_Ddx:1uCldv:HcSc83FXseqCSi0MLyWN1rX5IpT_AZA6Ot7no8MV4B4",
    "expire_date": "2025-05-21T20:45:27.932Z"
  }
},
{
  "model": "sessions.session",
  "pk": "prdh6a5t5duv78zb1vsjjnf0p92jhcah",
  "fields": {
    "session_data": ".eJxVjE0OwiAYBe_C2hCghIJL956BfH-VqoGktCvj3bVJF7p9M_NeKsO2lrx1WfLM6qycOv1uCPSQugO-Q701Ta2uy4x6V_RBu742luflcP8OCvTyrREJgpcELIHADSMSIhqxxvFEfjAhobPG8hgG52N0zMSMhmKaGDyr9wca9Tky:1uCjFg:bxHY6KrMbNAxkDlcC9G4AjB-xayP0PPh14BDmIH6u8U",
    "expire_date": "2025-05-21T18:12:16.272Z"
  }
},
{
  "model": "sessions.session",
  "pk": "prgyvhdtqw6ohjfsvttsedv00exmhtlp",
  "fields": {
    "session_data": ".eJxVjMEOwiAQRP-FsyGUXWjx6L3fQBYWpGpoUtqT8d9tkx70Npn3Zt7C07YWv7W0-InFVVhx-e0CxWeqB-AH1fss41zXZQryUORJmxxnTq_b6f4dFGplXxtyBrjTmYLaAynOyXWo-zyA5R41KceYUQUAVGii5YTZAg4OcgQQny_e_Ddx:1uCljx:h7H1_mVVOXyhfAQbYw0sgF49o8mvaXAXul0SbGJC0ho",
    "expire_date": "2025-05-21T20:51:41.958Z"
  }
},
{
  "model": "sessions.session",
  "pk": "rfoq5ltnlj2aindaa9ww87hfo24s52h3",
  "fields": {
    "session_data": ".eJxVjE0OwiAYBe_C2hCghIJL956BfH-VqoGktCvj3bVJF7p9M_NeKsO2lrx1WfLM6qycOv1uCPSQugO-Q701Ta2uy4x6V_RBu742luflcP8OCvTyrREJgpcELIHADSMSIhqxxvFEfjAhobPG8hgG52N0zMSMhmKaGDyr9wca9Tky:1u7Qjg:iooi0IITm_aqE5AgYKfZ0YmANfG3-o77NciDxSQ-GXs",
    "expire_date": "2025-05-07T03:25:20.831Z"
  }
},
{
  "model": "sessions.session",
  "pk": "s6tzfkv196onjx28wmztbmtmy3ut8rud",
  "fields": {
    "session_data": ".eJxVjMEOwiAQRP-FsyGUXWjx6L3fQBYWpGpoUtqT8d9tkx70Npn3Zt7C07YWv7W0-InFVVhx-e0CxWeqB-AH1fss41zXZQryUORJmxxnTq_b6f4dFGplXxtyBrjTmYLaAynOyXWo-zyA5R41KceYUQUAVGii5YTZAg4OcgQQny_e_Ddx:1uCleL:poU37s7Adfe1PhZYrXUGGrd02HzFtSztAC6Mg9wrU2g",
    "expire_date": "2025-05-21T20:45:53.551Z"
  }
},
{
  "model": "sessions.session",
  "pk": "sczd6ctx6ld89thn708g4wjrymyeeykg",
  "fields": {
    "session_data": ".eJxVjMEOwiAQRP-FsyGUXWjx6L3fQBYWpGpoUtqT8d9tkx70Npn3Zt7C07YWv7W0-InFVVhx-e0CxWeqB-AH1fss41zXZQryUORJmxxnTq_b6f4dFGplXxtyBrjTmYLaAynOyXWo-zyA5R41KceYUQUAVGii5YTZAg4OcgQQny_e_Ddx:1uClCC:_NmMknnFPcI6xkyvu37ZSBemeLQb4vuhwbVrAQqRM_4",
    "expire_date": "2025-05-21T20:16:48.615Z"
  }
},
{
  "model": "sessions.session",
  "pk": "swf82lgmubwxsmhsy7wc3bjrvdm1wvyp",
  "fields": {
    "session_data": ".eJxVjMEOwiAQRP-FsyGUXWjx6L3fQBYWpGpoUtqT8d9tkx70Npn3Zt7C07YWv7W0-InFVVhx-e0CxWeqB-AH1fss41zXZQryUORJmxxnTq_b6f4dFGplXxtyBrjTmYLaAynOyXWo-zyA5R41KceYUQUAVGii5YTZAg4OcgQQny_e_Ddx:1uClCB:zHqXrx4nUc2EEXey_rI4_UUxNc483gJrbHS_erqR2Zk",
    "expire_date": "2025-05-21T20:16:47.125Z"
  }
},
{
  "model": "authtoken.token",
  "pk": "0c64def23c8fd3cd2bd69650adfe3c4ce56dc084",
  "fields": {
    "user": [
      "solo"
    ],
    "created": "2025-05-07T20:16:47.100Z"
  }
},
{
  "model": "authtoken.token",
  "pk": "153c424d10252ad987902fda66a4f531bbdc04a3",
  "fields": {
    "user": [
      "heena"
    ],
    "created": "2025-04-20T11:54:17.395Z"
  }
},
{
  "model": "authtoken.token",
  "pk": "1943e988a40af7e68ac70d4a6cd6ba35496e8256",
  "fields": {
    "user": [
      "aashi"
    ],
    "created": "2025-04-19T08:03:07.411Z"
  }
},
{
  "model": "authtoken.token",
  "pk": "34aafd32b88758a2e79cb68382d9d6bac12ba45a",
  "fields": {
    "user": [
      "sushi"
    ],
    "created": "2025-05-01T02:37:00.964Z"
  }
},
{
  "model": "authtoken.token",
  "pk": "7593a5e8f5430c0bb4a29c31de4ef08fe14f06b0",
  "fields": {
    "user": [
      "susu"
    ],
    "created": "2025-04-20T11:55:46.539Z"
  }
},
{
  "model": "sites.site",
  "fields": {
    "domain": "example.com",
    "name": "example.com"
  }
},
{
  "model": "api.canteen",
  "pk": 1,
  "fields": {
    "name": "Main-Canteen",
    "description": "Audi ke piche wala canteen"
  }
},
{
  "model": "api.category",
  "pk": 1,
  "fields": {
    "name": "Drinks"
  }
},
{
  "model": "api.category",
  "pk": 2,
  "fields": {
    "name": "Snacks"
  }
},
{
  "model": "api.category",
  "pk": 3,
  "fields": {
    "name": "Dishes"
  }
},
{
  "model": "api.menuitem",
  "pk": 1,
  "fields": {
    "canteen": 1,
    "category": 1,
    "name": "Cola Cola",
    "description": "sooooooooop",
    "price": "40.00",
    "image": "menu_items/download_1.jpeg",
    "is_available": true
  }
},
{
  "model": "api.menuitem",
  "pk": 3,
  "fields": {
    "canteen": 1,
    "category": 1,
    "name": "mazaa",
    "description": "rasile aam",
    "price": "10.00",
    "image": "menu_items/ig1.jpg",
    "is_available": true
  }
},
{
  "model": "api.menuitem",
  "pk": 4,
  "fields": {
    "canteen": 1,
    "category": 3,
    "name": "Poha",
    "description": "",
    "price": "20.00",
    "image": "menu_items/images_1.jpeg",
    "is_available": true
  }
},
{
  "model": "api.menuitem",
  "pk": 5,
  "fields": {
    "canteen": 1,
    "category": 3,
    "name": "Chole Bhature",
    "description": "",
    "price": "35.00",
    "image": "menu_items/download_3.jpeg",
    "is_available": true
  }
},
{
  "model": "api.menuitem",
  "pk": 6,
  "fields": {
    "canteen": 1,
    "category": 3,
    "name": "Samosa",
    "description": "",
    "price": "19.99",
    "image": "menu_items/download_1_xhRpgWn.jpeg",
    "is_available": true
  }
},
{
  "model": "api.menuitem",
  "pk": 7,
  "fields": {
    "canteen": 1,
    "category": 1,
    "name": "Chai",
    "description": "",
    "price": "15.00",
    "image": "menu_items/images.jpeg",
    "is_available": true
  }
},
{
  "model": "api.menuitem",
  "pk": 8,
  "fields": {
    "canteen": 1,
    "category": 1,
    "name": "Coffee",
    "description": "",
    "price": "20.00",
    "image": "menu_items/download.jpeg",
    "is_available": true
  }
},
{
  "model": "api.menuitem",
  "pk": 9,
  "fields": {
    "canteen": 1,
    "category": 3,
    "name": "Dosa",
    "description": "",
    "price": "39.99",
    "image": "menu_items/download_2_RLi2Ia0.jpeg",
    "is_available": true
  }
},
{
  "model": "api.menuitem",
  "pk": 10,
  "fields": {
    "canteen": 1,
    "category": 2,
    "name": "Pattis",
    "description": "",
    "price": "35.00",
    "image": "menu_items/download_4.jpeg",
    "is_available": true
  }
},
{
  "model": "api.menuitem",
  "pk": 11,
  "fields": {
    "canteen": 1,
    "category": 3,
    "name": "Paratha",
    "description": "",
    "price": "20.00",
    "image": "menu_items/images_2.jpeg",
    "is_available": true
  }
},
{
  "model": "api.order",
  "pk": 1,
  "fields": {
    "customer": [
      "susu"
    ],
    "canteen": 1,
    "created_at": "2025-04-19T05:15:17.596Z",
    "updated_at": "2025-04-19T05:15:17.616Z",
    "status": "PENDING",
    "total_price": "0.00",
    "notes": null,
    "table_number": null,
    "razorpay_order_id": null,
    "razorpay_payment_id": null
  }
},
{
  "model": "api.order",
  "pk": 2,
  "fields": {
    "customer": [
      "aashi"
    ],
    "canteen": 1,
    "created_at": "2025-04-19T08:03:30.169Z",
    "updated_at": "2025-04-19T08:03:30.188Z",
    "status": "PENDING",
    "total_price": "0.00",
    "notes": null,
    "table_number": null,
    "razorpay_order_id": null,
    "razorpay_payment_id": null
  }
},
{
  "model": "api.order",
  "pk": 3,
  "fields": {
    "customer": [
      "aashi"
    ],
    "canteen": 1,
    "created_at": "2025-04-20T08:55:50.315Z",
    "updated_at": "2025-04-20T08:55:50.315Z",
    "status": "PENDING",
    "total_price": "10.00",
    "notes": "",
    "table_number": "2",
    "razorpay_order_id": null,
    "razorpay_payment_id": null
  }
},
{
  "model": "api.order",
  "pk": 4,
  "fields": {
    "customer": [
      "aashi"
    ],
    "canteen": 1,
    "created_at": "2025-04-20T09:10:10.555Z",
    "updated_at": "2025-04-20T09:10:10.555Z",
    "status": "PENDING",
    "total_price": "20.00",
    "notes": "",
    "table_number": "1",
    "razorpay_order_id": null,
    "razorpay_payment_id": null
  }
},
{
  "model": "api.order",
  "pk": 5,
  "fields": {
    "customer": [
      "aashi"
    ],
    "canteen": 1,
    "created_at": "2025-04-20T09:12:19.689Z",
    "updated_at": "2025-04-20T09:12:19.689Z",
    "status": "PENDING",
    "total_price": "20.00",
    "notes": "",
    "table_number": "1",
    "razorpay_order_id": null,
    "razorpay_payment_id": null
  }
},
{
  "model": "api.order",
  "pk": 6,
  "fields": {
    "customer": [
      "aashi"
    ],
    "canteen": 1,
    "created_at": "2025-04-20T09:12:21.600Z",
    "updated_at": "2025-04-20T09:12:21.600Z",
    "status": "PENDING",
    "total_price": "20.00",
    "notes": "",
    "table_number": "1",
    "razorpay_order_id": null,
    "razorpay_payment_id": null
  }
},
{
  "model": "api.order",
  "pk": 7,
  "fields": {
    "customer": [
      "aashi"
    ],
    "canteen": 1,
    "created_at": "2025-04-20T09:12:22.521Z",
    "updated_at": "2025-04-20T09:12:22.521Z",
    "status": "PENDING",
    "total_price": "20.00",
    "notes": "",
    "table_number": "1",
    "razorpay_order_id": null,
    "razorpay_payment_id": null
  }
},
{
  "model": "api.order",
  "pk": 8,
  "fields": {
    "customer": [
      "aashi"
    ],
    "canteen": 1,
    "created_at": "2025-04-20T09:12:22.700Z",
    "updated_at": "2025-04-20T09:12:22.700Z",
    "status": "PENDING",
    "total_price": "20.00",
    "notes": "",
    "table_number": "1",
    "razorpay_order_id": null,
    "razorpay_payment_id": null
  }
},
{
  "model": "api.order",
  "pk": 9,
  "fields": {
    "customer": [
      "aashi"
    ],
    "canteen": 1,
    "created_at": "2025-04-20T09:12:22.886Z",
    "updated_at": "2025-04-20T09:12:22.886Z",
    "status": "PENDING",
    "total_price": "20.00",
    "notes": "",
    "table_number": "1",
    "razorpay_order_id": null,
    "razorpay_payment_id": null
  }
},
{
  "model": "api.order",
  "pk": 10,
  "fields": {
    "customer": [
      "aashi"
    ],
    "canteen": 1,
    "created_at": "2025-04-20T09:12:23.064Z",
    "updated_at": "2025-04-20T09:12:23.064Z",
    "status": "PENDING",
    "total_price": "20.00",
    "notes": "",
    "table_number": "1",
    "razorpay_order_id": null,
    "razorpay_payment_id": null
  }
},
{
  "model": "api.order",
  "pk": 11,
  "fields": {
    "customer": [
      "aashi"
    ],
    "canteen": 1,
    "created_at": "2025-04-20T09:12:23.234Z",
    "updated_at": "2025-04-20T09:12:23.234Z",
    "status": "PENDING",
    "total_price": "20.00",
    "notes": "",
    "table_number": "1",
    "razorpay_order_id": null,
    "razorpay_payment_id": null
  }
},
{
  "model": "api.order",
  "pk": 12,
  "fields": {
    "customer": [
      "aashi"
    ],
    "canteen": 1,
    "created_at": "2025-04-20T09:12:23.463Z",
    "updated_at": "2025-04-20T09:12:23.463Z",
    "status": "PENDING",
    "total_price": "20.00",
    "notes": "",
    "table_number": "1",
    "razorpay_order_id": null,
    "razorpay_payment_id": null
  }
},
{
  "model": "api.order",
  "pk": 13,
  "fields": {
    "customer": [
      "aashi"
    ],
    "canteen": 1,
    "created_at": "2025-04-20T09:12:23.935Z",
    "updated_at": "2025-04-20T09:12:23.935Z",
    "status": "PENDING",
    "total_price": "20.00",
    "notes": "",
    "table_number": "1",
    "razorpay_order_id": null,
    "razorpay_payment_id": null
  }
},
{
  "model": "api.order",
  "pk": 14,
  "fields": {
    "customer": [
      "aashi"
    ],
    "canteen": 1,
    "created_at": "2025-04-20T09:12:24.165Z",
    "updated_at": "2025-04-20T09:12:24.165Z",
    "status": "PENDING",
    "total_price": "20.00",
    "notes": "",
    "table_number": "1",
    "razorpay_order_id": null,
    "razorpay_payment_id": null
  }
},
{
  "model": "api.order",
  "pk": 15,
  "fields": {
    "customer": [
      "aashi"
    ],
    "canteen": 1,
    "created_at": "2025-04-20T09:12:24.334Z",
    "updated_at": "2025-04-20T09:12:24.334Z",
    "status": "PENDING",
    "total_price": "20.00",
    "notes": "",
    "table_number": "1",
    "razorpay_order_id": null,
    "razorpay_payment_id": null
  }
},
{
  "model": "api.order",
  "pk": 16,
  "fields": {
    "customer": [
      "aashi"
    ],
    "canteen": 1,
    "created_at": "2025-04-20T09:12:24.505Z",
    "updated_at": "2025-05-01T03:29:58.058Z",
    "status": "COMPLETED",
    "total_price": "20.00",
    "notes": "",
    "table_number": "1",
    "razorpay_order_id": null,
    "razorpay_payment_id": null
  }
},
{
  "model": "api.order",
  "pk": 17,
  "fields": {
    "customer": [
      "aashi"
    ],
    "canteen": 1,
    "created_at": "2025-04-20T09:12:24.698Z",
    "updated_at": "2025-04-20T09:12:24.698Z",
    "status": "PENDING",
    "total_price": "20.00",
    "notes": "",
    "table_number": "1",
    "razorpay_order_id": null,
    "razorpay_payment_id": null
  }
},
{
  "model": "api.order",
  "pk": 18,
  "fields": {
    "customer": [
      "aashi"
    ],
    "canteen": 1,
    "created_at": "2025-04-20T09:12:24.854Z",
    "updated_at": "2025-04-20T09:12:24.854Z",
    "status": "PENDING",
    "total_price": "20.00",
    "notes": "",
    "table_number": "1",
    "razorpay_order_id": null,
    "razorpay_payment_id": null
  }
},
{
  "model": "api.order",
  "pk": 19,
  "fields": {
    "customer": [
      "aashi"
    ],
    "canteen": 1,
    "created_at": "2025-04-20T09:12:25.063Z",
    "updated_at": "2025-04-20T09:12:25.063Z",
    "status": "PENDING",
    "total_price": "20.00",
    "notes": "",
    "table_number": "1",
    "razorpay_order_id": null,
    "razorpay_payment_id": null
  }
},
{
  "model": "api.order",
  "pk": 20,
  "fields": {
    "customer": [
      "aashi"
    ],
    "canteen": 1,
    "created_at": "2025-04-20T09:14:36.889Z",
    "updated_at": "2025-04-20T09:14:36.889Z",
    "status": "PENDING",
    "total_price": "20.00",
    "notes": "",
    "table_number": "1",
    "razorpay_order_id": null,
    "razorpay_payment_id": null
  }
},
{
  "model": "api.order",
  "pk": 21,
  "fields": {
    "customer": [
      "aashi"
    ],
    "canteen": 1,
    "created_at": "2025-04-20T09:21:37.400Z",
    "updated_at": "2025-04-20T09:21:37.400Z",
    "status": "PENDING",
    "total_price": "20.00",
    "notes": "",
    "table_number": "1",
    "razorpay_order_id": null,
    "razorpay_payment_id": null
  }
},
{
  "model": "api.order",
  "pk": 22,
  "fields": {
    "customer": [
      "aashi"
    ],
    "canteen": 1,
    "created_at": "2025-04-20T09:24:28.772Z",
    "updated_at": "2025-04-20T09:24:28.772Z",
    "status": "PENDING",
    "total_price": "10.00",
    "notes": "",
    "table_number": "2",
    "razorpay_order_id": null,
    "razorpay_payment_id": null
  }
},
{
  "model": "api.order",
  "pk": 23,
  "fields": {
    "customer": [
      "heena"
    ],
    "canteen": 1,
    "created_at": "2025-04-20T11:54:41.603Z",
    "updated_at": "2025-04-20T11:54:41.603Z",
    "status": "PENDING",
    "total_price": "10.00",
    "notes": "",
    "table_number": "2",
    "razorpay_order_id": null,
    "razorpay_payment_id": null
  }
},
{
  "model": "api.order",
  "pk": 24,
  "fields": {
    "customer": [
      "susu"
    ],
    "canteen": 1,
    "created_at": "2025-04-20T11:57:28.706Z",
    "updated_at": "2025-04-20T11:57:28.706Z",
    "status": "PENDING",
    "total_price": "40.00",
    "notes": "",
    "table_number": "2",
    "razorpay_order_id": null,
    "razorpay_payment_id": null
  }
},
{
  "model": "api.order",
  "pk": 25,
  "fields": {
    "customer": [
      "susu"
    ],
    "canteen": 1,
    "created_at": "2025-04-21T05:12:30.159Z",
    "updated_at": "2025-04-21T05:12:30.159Z",
    "status": "PENDING",
    "total_price": "20.00",
    "notes": "",
    "table_number": "5",
    "razorpay_order_id": null,
    "razorpay_payment_id": null
  }
},
{
  "model": "api.order",
  "pk": 26,
  "fields": {
    "customer": [
      "susu"
    ],
    "canteen": 1,
    "created_at": "2025-04-21T10:18:18.788Z",
    "updated_at": "2025-04-21T10:18:18.788Z",
    "status": "PENDING",
    "total_price": "39.98",
    "notes": "",
    "table_number": "14",
    "razorpay_order_id": null,
    "razorpay_payment_id": null
  }
},
{
  "model": "api.order",
  "pk": 27,
  "fields": {
    "customer": [
      "susu"
    ],
    "canteen": 1,
    "created_at": "2025-04-21T10:18:37.258Z",
    "updated_at": "2025-04-21T10:18:37.258Z",
    "status": "PENDING",
    "total_price": "40.00",
    "notes": "",
    "table_number": "14",
    "razorpay_order_id": null,
    "razorpay_payment_id": null
  }
},
{
  "model": "api.order",
  "pk": 28,
  "fields": {
    "customer": [
      "susu"
    ],
    "canteen": 1,
    "created_at": "2025-04-23T03:26:51.880Z",
    "updated_at": "2025-04-23T03:26:51.880Z",
    "status": "PENDING",
    "total_price": "39.99",
    "notes": "",
    "table_number": "13",
    "razorpay_order_id": null,
    "razorpay_payment_id": null
  }
},
{
  "model": "api.order",
  "pk": 29,
  "fields": {
    "customer": [
      "susu"
    ],
    "canteen": 1,
    "created_at": "2025-04-23T03:43:51.134Z",
    "updated_at": "2025-04-23T03:43:51.134Z",
    "status": "PENDING",
    "total_price": "40.00",
    "notes": "",
    "table_number": "2",
    "razorpay_order_id": null,
    "razorpay_payment_id": null
  }
},
{
  "model": "api.order",
  "pk": 30,
  "fields": {
    "customer": [
      "susu"
    ],
    "canteen": 1,
    "created_at": "2025-04-23T06:10:24.179Z",
    "updated_at": "2025-04-23T06:10:24.179Z",
    "status": "PENDING",
    "total_price": "54.99",
    "notes": "",
    "table_number": "18",
    "razorpay_order_id": null,
    "razorpay_payment_id": null
  }
},
{
  "model": "api.order",
  "pk": 31,
  "fields": {
    "customer": [
      "susu"
    ],
    "canteen": 1,
    "created_at": "2025-04-23T06:38:54.319Z",
    "updated_at": "2025-04-23T06:38:54.319Z",
    "status": "PENDING",
    "total_price": "54.99",
    "notes": "",
    "table_number": "14",
    "razorpay_order_id": null,
    "razorpay_payment_id": null
  }
},
{
  "model": "api.order",
  "pk": 32,
  "fields": {
    "customer": [
      "susu"
    ],
    "canteen": 1,
    "created_at": "2025-04-23T06:51:06.800Z",
    "updated_at": "2025-04-23T06:51:06.800Z",
    "status": "PENDING",
    "total_price": "35.00",
    "notes": "",
    "table_number": "19",
    "razorpay_order_id": null,
    "razorpay_payment_id": null
  }
},
{
  "model": "api.order",
  "pk": 33,
  "fields": {
    "customer": [
      "susu"
    ],
    "canteen": 1,
    "created_at": "2025-05-01T02:35:37.540Z",
    "updated_at": "2025-05-01T02:35:37.540Z",
    "status": "PENDING",
    "total_price": "15.00",
    "notes": "",
    "table_number": "13",
    "razorpay_order_id": null,
    "razorpay_payment_id": null
  }
},
{
  "model": "api.order",
  "pk": 34,
  "fields": {
    "customer": [
      "sushi"
    ],
    "canteen": 1,
    "created_at": "2025-05-01T02:37:55.036Z",
    "updated_at": "2025-05-01T02:37:55.036Z",
    "status": "PENDING",
    "total_price": "35.00",
    "notes": "",
    "table_number": "14",
    "razorpay_order_id": null,
    "razorpay_payment_id": null
  }
},
{
  "model": "api.order",
  "pk": 35,
  "fields": {
    "customer": [
      "sushi"
    ],
    "canteen": 1,
    "created_at": "2025-05-01T03:28:21.060Z",
    "updated_at": "2025-05-01T03:31:38.449Z",
    "status": "COMPLETED",
    "total_price": "49.99",
    "notes": "",
    "table_number": "6",
    "razorpay_order_id": null,
    "razorpay_payment_id": null
  }
},
{
  "model": "api.order",
  "pk": 36,
  "fields": {
    "customer": [
      "sushi"
    ],
    "canteen": 1,
    "created_at": "2025-05-01T03:31:21.029Z",
    "updated_at": "2025-05-01T03:49:55.416Z",
    "status": "COMPLETED",
    "total_price": "20.00",
    "notes": "",
    "table_number": "7",
    "razorpay_order_id": null,
    "razorpay_payment_id": null
  }
},
{
  "model": "api.order",
  "pk": 37,
  "fields": {
    "customer": [
      "sushi"
    ],
    "canteen": 1,
    "created_at": "2025-05-01T19:20:47.173Z",
    "updated_at": "2025-05-01T19:20:47.173Z",
    "status": "PENDING",
    "total_price": "10.00",
    "notes": "",
    "table_number": "7",
    "razorpay_order_id": null,
    "razorpay_payment_id": null
  }
},
{
  "model": "api.order",
  "pk": 38,
  "fields": {
    "customer": [
      "susu"
    ],
    "canteen": 1,
    "created_at": "2025-05-01T20:11:55.558Z",
    "updated_at": "2025-05-01T20:11:55.559Z",
    "status": "PENDING",
    "total_price": "40.00",
    "notes": "",
    "table_number": "1",
    "razorpay_order_id": null,
    "razorpay_payment_id": null
  }
},
{
  "model": "api.order",
  "pk": 39,
  "fields": {
    "customer": [
      "susu"
    ],
    "canteen": 1,
    "created_at": "2025-05-01T20:12:22.181Z",
    "updated_at": "2025-05-01T20:12:22.181Z",
    "status": "PENDING",
    "total_price": "100.00",
    "notes": "",
    "table_number": "1",
    "razorpay_order_id": null,
    "razorpay_payment_id": null
  }
},
{
  "model": "api.order",
  "pk": 40,
  "fields": {
    "customer": [
      "susu"
    ],
    "canteen": 1,
    "created_at": "2025-05-01T20:17:32.780Z",
    "updated_at": "2025-05-01T20:17:32.780Z",
    "status": "PENDING",
    "total_price": "20.00",
    "notes": "",
    "table_number": "2",
    "razorpay_order_id": null,
    "razorpay_payment_id": null
  }
},
{
  "model": "api.order",
  "pk": 41,
  "fields": {
    "customer": [
      "susu"
    ],
    "canteen": 1,
    "created_at": "2025-05-01T20:18:13.400Z",
    "updated_at": "2025-05-01T20:18:13.400Z",
    "status": "PENDING",
    "total_price": "60.00",
    "notes": "",
    "table_number": "7",
    "razorpay_order_id": null,
    "razorpay_payment_id": null
  }
},
{
  "model": "api.order",
  "pk": 42,
  "fields": {
    "customer": [
      "susu"
    ],
    "canteen": 1,
    "created_at": "2025-05-01T20:20:34.008Z",
    "updated_at": "2025-05-01T20:20:34.008Z",
    "status": "PENDING",
    "total_price": "20.00",
    "notes": "",
    "table_number": "7",
    "razorpay_order_id": null,
    "razorpay_payment_id": null
  }
},
{
  "model": "api.order",
  "pk": 43,
  "fields": {
    "customer": [
      "susu"
    ],
    "canteen": 1,
    "created_at": "2025-05-01T20:22:39.678Z",
    "updated_at": "2025-05-01T20:22:39.678Z",
    "status": "PENDING",
    "total_price": "280.00",
    "notes": "",
    "table_number": "7",
    "razorpay_order_id": null,
    "razorpay_payment_id": null
  }
},
{
  "model": "api.order",
  "pk": 44,
  "fields": {
    "customer": [
      "susu"
    ],
    "canteen": 1,
    "created_at": "2025-05-07T19:02:10.593Z",
    "updated_at": "2025-05-07T19:12:24.823Z",
    "status": "COMPLETED",
    "total_price": "85.00",
    "notes": "",
    "table_number": "2",
    "razorpay_order_id": "order_QS9Dw9o4iMgcME",
    "razorpay_payment_id": "pay_QS9F1wLFMRAvCM"
  }
},
{
  "model": "api.order",
  "pk": 45,
  "fields": {
    "customer": [
      "susu"
    ],
    "canteen": 1,
    "created_at": "2025-05-07T19:09:53.138Z",
    "updated_at": "2025-05-07T20:37:21.781Z",
    "status": "COMPLETED",
    "total_price": "60.00",
    "notes": "",
    "table_number": "7",
    "razorpay_order_id": "order_QS9N2ZG2nMLL1I",
    "razorpay_payment_id": "pay_QS9NFn6GZpsYsE"
  }
},
{
  "model": "api.order",
  "pk": 46,
  "fields": {
    "customer": [
      "solo"
    ],
    "canteen": 1,
    "created_at": "2025-05-07T20:52:42.791Z",
    "updated_at": "2025-05-07T20:54:12.370Z",
    "status": "COMPLETED",
    "total_price": "79.96",
    "notes": "",
    "table_number": "6",
    "razorpay_order_id": "order_QSB7ercWS2Tr0M",
    "razorpay_payment_id": "pay_QSB7rOZe0GBBOe"
  }
},
{
  "model": "api.order",
  "pk": 47,
  "fields": {
    "customer": [
      "solo"
    ],
    "canteen": 1,
    "created_at": "2025-05-08T09:00:25.344Z",
    "updated_at": "2025-05-08T09:00:25.344Z",
    "status": "PENDING",
    "total_price": "50.00",
    "notes": null,
    "table_number": "7",
    "razorpay_order_id": "order_QSNWOuFiZSvj5T",
    "razorpay_payment_id": "pay_QSNWatc0c9VvNT"
  }
},
{
  "model": "api.orderitem",
  "pk": 1,
  "fields": {
    "order": 1,
    "menu_item": 1,
    "quantity": 1,
    "price": "0.00"
  }
},
{
  "model": "api.orderitem",
  "pk": 2,
  "fields": {
    "order": 2,
    "menu_item": 1,
    "quantity": 1,
    "price": "0.00"
  }
},
{
  "model": "api.orderitem",
  "pk": 4,
  "fields": {
    "order": 22,
    "menu_item": 3,
    "quantity": 1,
    "price": "10.00"
  }
},
{
  "model": "api.orderitem",
  "pk": 5,
  "fields": {
    "order": 23,
    "menu_item": 3,
    "quantity": 1,
    "price": "10.00"
  }
},
{
  "model": "api.orderitem",
  "pk": 6,
  "fields": {
    "order": 24,
    "menu_item": 1,
    "quantity": 1,
    "price": "40.00"
  }
},
{
  "model": "api.orderitem",
  "pk": 8,
  "fields": {
    "order": 26,
    "menu_item": 6,
    "quantity": 2,
    "price": "19.99"
  }
},
{
  "model": "api.orderitem",
  "pk": 9,
  "fields": {
    "order": 27,
    "menu_item": 8,
    "quantity": 2,
    "price": "20.00"
  }
},
{
  "model": "api.orderitem",
  "pk": 10,
  "fields": {
    "order": 28,
    "menu_item": 9,
    "quantity": 1,
    "price": "39.99"
  }
},
{
  "model": "api.orderitem",
  "pk": 11,
  "fields": {
    "order": 29,
    "menu_item": 1,
    "quantity": 1,
    "price": "40.00"
  }
},
{
  "model": "api.orderitem",
  "pk": 12,
  "fields": {
    "order": 30,
    "menu_item": 7,
    "quantity": 1,
    "price": "15.00"
  }
},
{
  "model": "api.orderitem",
  "pk": 13,
  "fields": {
    "order": 30,
    "menu_item": 9,
    "quantity": 1,
    "price": "39.99"
  }
},
{
  "model": "api.orderitem",
  "pk": 14,
  "fields": {
    "order": 31,
    "menu_item": 6,
    "quantity": 1,
    "price": "19.99"
  }
},
{
  "model": "api.orderitem",
  "pk": 15,
  "fields": {
    "order": 31,
    "menu_item": 5,
    "quantity": 1,
    "price": "35.00"
  }
},
{
  "model": "api.orderitem",
  "pk": 16,
  "fields": {
    "order": 32,
    "menu_item": 10,
    "quantity": 1,
    "price": "35.00"
  }
},
{
  "model": "api.orderitem",
  "pk": 17,
  "fields": {
    "order": 33,
    "menu_item": 7,
    "quantity": 1,
    "price": "15.00"
  }
},
{
  "model": "api.orderitem",
  "pk": 18,
  "fields": {
    "order": 34,
    "menu_item": 10,
    "quantity": 1,
    "price": "35.00"
  }
},
{
  "model": "api.orderitem",
  "pk": 19,
  "fields": {
    "order": 35,
    "menu_item": 3,
    "quantity": 1,
    "price": "10.00"
  }
},
{
  "model": "api.orderitem",
  "pk": 20,
  "fields": {
    "order": 35,
    "menu_item": 9,
    "quantity": 1,
    "price": "39.99"
  }
},
{
  "model": "api.orderitem",
  "pk": 21,
  "fields": {
    "order": 36,
    "menu_item": 11,
    "quantity": 1,
    "price": "20.00"
  }
},
{
  "model": "api.orderitem",
  "pk": 22,
  "fields": {
    "order": 37,
    "menu_item": 3,
    "quantity": 1,
    "price": "10.00"
  }
},
{
  "model": "api.orderitem",
  "pk": 23,
  "fields": {
    "order": 38,
    "menu_item": 1,
    "quantity": 1,
    "price": "40.00"
  }
},
{
  "model": "api.orderitem",
  "pk": 24,
  "fields": {
    "order": 39,
    "menu_item": 1,
    "quantity": 2,
    "price": "40.00"
  }
},
{
  "model": "api.orderitem",
  "pk": 25,
  "fields": {
    "order": 39,
    "menu_item": 3,
    "quantity": 2,
    "price": "10.00"
  }
},
{
  "model": "api.orderitem",
  "pk": 26,
  "fields": {
    "order": 40,
    "menu_item": 3,
    "quantity": 2,
    "price": "10.00"
  }
},
{
  "model": "api.orderitem",
  "pk": 27,
  "fields": {
    "order": 41,
    "menu_item": 4,
    "quantity": 3,
    "price": "20.00"
  }
},
{
  "model": "api.orderitem",
  "pk": 28,
  "fields": {
    "order": 42,
    "menu_item": 4,
    "quantity": 1,
    "price": "20.00"
  }
},
{
  "model": "api.orderitem",
  "pk": 29,
  "fields": {
    "order": 43,
    "menu_item": 1,
    "quantity": 7,
    "price": "40.00"
  }
},
{
  "model": "api.orderitem",
  "pk": 30,
  "fields": {
    "order": 44,
    "menu_item": 1,
    "quantity": 1,
    "price": "40.00"
  }
},
{
  "model": "api.orderitem",
  "pk": 31,
  "fields": {
    "order": 44,
    "menu_item": 3,
    "quantity": 1,
    "price": "10.00"
  }
},
{
  "model": "api.orderitem",
  "pk": 32,
  "fields": {
    "order": 44,
    "menu_item": 5,
    "quantity": 1,
    "price": "35.00"
  }
},
{
  "model": "api.orderitem",
  "pk": 33,
  "fields": {
    "order": 45,
    "menu_item": 1,
    "quantity": 1,
    "price": "40.00"
  }
},
{
  "model": "api.orderitem",
  "pk": 34,
  "fields": {
    "order": 45,
    "menu_item": 4,
    "quantity": 1,
    "price": "20.00"
  }
},
{
  "model": "api.orderitem",
  "pk": 35,
  "fields": {
    "order": 46,
    "menu_item": 6,
    "quantity": 4,
    "price": "19.99"
  }
},
{
  "model": "api.orderitem",
  "pk": 36,
  "fields": {
    "order": 47,
    "menu_item": 5,
    "quantity": 1,
    "price": "35.00"
  }
},
{
  "model": "api.orderitem",
  "pk": 37,
  "fields": {
    "order": 47,
    "menu_item": 7,
    "quantity": 1,
    "price": "15.00"
  }
},
{
  "model": "admin.logentry",
  "pk": 1,
  "fields": {
    "action_time": "2025-04-19T05:00:09.942Z",
    "user": [
      "sushi"
    ],
    "content_type": [
      "api",
      "canteen"
    ],
    "object_id": "1",
    "object_repr": "Main-Canteen",
    "action_flag": 1,
    "change_message": "[{\"added\": {}}]"
  }
},
{
  "model": "admin.logentry",
  "pk": 2,
  "fields": {
    "action_time": "2025-04-19T05:10:49.891Z",
    "user": [
      "sushi"
    ],
    "content_type": [
      "api",
      "category"
    ],
    "object_id": "1",
    "object_repr": "Drinks",
    "action_flag": 1,
    "change_message": "[{\"added\": {}}]"
  }
},
{
  "model": "admin.logentry",
  "pk": 3,
  "fields": {
    "action_time": "2025-04-19T05:10:57.700Z",
    "user": [
      "sushi"
    ],
    "content_type": [
      "api",
      "category"
    ],
    "object_id": "2",
    "object_repr": "Snacks",
    "action_flag": 1,
    "change_message": "[{\"added\": {}}]"
  }
},
{
  "model": "admin.logentry",
  "pk": 4,
  "fields": {
    "action_time": "2025-04-19T05:12:35.464Z",
    "user": [
      "sushi"
    ],
    "content_type": [
      "api",
      "menuitem"
    ],
    "object_id": "1",
    "object_repr": "Cola Cola (Main-Canteen)",
    "action_flag": 1,
    "change_message": "[{\"added\": {}}]"
  }
},
{
  "model": "admin.logentry",
  "pk": 5,
  "fields": {
    "action_time": "2025-04-19T05:14:38.090Z",
    "user": [
      "sushi"
    ],
    "content_type": [
      "auth",
      "user"
    ],
    "object_id": "2",
    "object_repr": "susu",
    "action_flag": 1,
    "change_message": "[{\"added\": {}}]"
  }
},
{
  "model": "admin.logentry",
  "pk": 6,
  "fields": {
    "action_time": "2025-04-19T08:09:17.119Z",
    "user": [
      "sushi"
    ],
    "content_type": [
      "api",
      "menuitem"
    ],
    "object_id": "2",
    "object_repr": "Ganne Ka Jusss (Main-Canteen)",
    "action_flag": 1,
    "change_message": "[{\"added\": {}}]"
  }
},
{
  "model": "admin.logentry",
  "pk": 7,
  "fields": {
    "action_time": "2025-04-20T07:33:54.397Z",
    "user": [
      "sushi"
    ],
    "content_type": [
      "api",
      "canteen"
    ],
    "object_id": "1",
    "object_repr": "Main-Canteen",
    "action_flag": 2,
    "change_message": "[{\"changed\": {\"fields\": [\"Description\"]}}]"
  }
},
{
  "model": "admin.logentry",
  "pk": 8,
  "fields": {
    "action_time": "2025-04-20T08:39:52.104Z",
    "user": [
      "sushi"
    ],
    "content_type": [
      "api",
      "menuitem"
    ],
    "object_id": "3",
    "object_repr": "mazaa (Main-Canteen)",
    "action_flag": 1,
    "change_message": "[{\"added\": {}}]"
  }
},
{
  "model": "admin.logentry",
  "pk": 9,
  "fields": {
    "action_time": "2025-04-21T06:02:39.954Z",
    "user": [
      "sushi"
    ],
    "content_type": [
      "api",
      "category"
    ],
    "object_id": "3",
    "object_repr": "Dishes",
    "action_flag": 1,
    "change_message": "[{\"added\": {}}]"
  }
},
{
  "model": "admin.logentry",
  "pk": 10,
  "fields": {
    "action_time": "2025-04-21T06:03:03.661Z",
    "user": [
      "sushi"
    ],
    "content_type": [
      "api",
      "menuitem"
    ],
    "object_id": "4",
    "object_repr": "Poha (Main-Canteen)",
    "action_flag": 1,
    "change_message": "[{\"added\": {}}]"
  }
},
{
  "model": "admin.logentry",
  "pk": 11,
  "fields": {
    "action_time": "2025-04-21T06:03:31.624Z",
    "user": [
      "sushi"
    ],
    "content_type": [
      "api",
      "menuitem"
    ],
    "object_id": "5",
    "object_repr": "Chole Bhature (Main-Canteen)",
    "action_flag": 1,
    "change_message": "[{\"added\": {}}]"
  }
},
{
  "model": "admin.logentry",
  "pk": 12,
  "fields": {
    "action_time": "2025-04-21T06:04:07.162Z",
    "user": [
      "sushi"
    ],
    "content_type": [
      "api",
      "menuitem"
    ],
    "object_id": "6",
    "object_repr": "Samosa (Main-Canteen)",
    "action_flag": 1,
    "change_message": "[{\"added\": {}}]"
  }
},
{
  "model": "admin.logentry",
  "pk": 13,
  "fields": {
    "action_time": "2025-04-21T06:05:33.375Z",
    "user": [
      "sushi"
    ],
    "content_type": [
      "api",
      "menuitem"
    ],
    "object_id": "7",
    "object_repr": "Chai (Main-Canteen)",
    "action_flag": 1,
    "change_message": "[{\"added\": {}}]"
  }
},
{
  "model": "admin.logentry",
  "pk": 14,
  "fields": {
    "action_time": "2025-04-21T06:05:55.476Z",
    "user": [
      "sushi"
    ],
    "content_type": [
      "api",
      "menuitem"
    ],
    "object_id": "8",
    "object_repr": "Coffee (Main-Canteen)",
    "action_flag": 1,
    "change_message": "[{\"added\": {}}]"
  }
},
{
  "model": "admin.logentry",
  "pk": 15,
  "fields": {
    "action_time": "2025-04-21T06:06:17.778Z",
    "user": [
      "sushi"
    ],
    "content_type": [
      "api",
      "menuitem"
    ],
    "object_id": "9",
    "object_repr": "Dosa (Main-Canteen)",
    "action_flag": 1,
    "change_message": "[{\"added\": {}}]"
  }
},
{
  "model": "admin.logentry",
  "pk": 16,
  "fields": {
    "action_time": "2025-04-21T06:06:41.259Z",
    "user": [
      "sushi"
    ],
    "content_type": [
      "api",
      "menuitem"
    ],
    "object_id": "10",
    "object_repr": "Pattis (Main-Canteen)",
    "action_flag": 1,
    "change_message": "[{\"added\": {}}]"
  }
},
{
  "model": "admin.logentry",
  "pk": 17,
  "fields": {
    "action_time": "2025-04-21T06:07:01.040Z",
    "user": [
      "sushi"
    ],
    "content_type": [
      "api",
      "menuitem"
    ],
    "object_id": "11",
    "object_repr": "Paratha (Main-Canteen)",
    "action_flag": 1,
    "change_message": "[{\"added\": {}}]"
  }
},
{
  "model": "admin.logentry",
  "pk": 18,
  "fields": {
    "action_time": "2025-04-23T03:26:28.440Z",
    "user": [
      "sushi"
    ],
    "content_type": [
      "api",
      "menuitem"
    ],
    "object_id": "2",
    "object_repr": "Ganne Ka Jusss (Main-Canteen)",
    "action_flag": 3,
    "change_message": ""
  }
},
{
  "model": "admin.logentry",
  "pk": 19,
  "fields": {
    "action_time": "2025-04-23T06:39:58.973Z",
    "user": [
      "sushi"
    ],
    "content_type": [
      "api",
      "canteen"
    ],
    "object_id": "2",
    "object_repr": "cgfcgfc",
    "action_flag": 1,
    "change_message": "[{\"added\": {}}]"
  }
},
{
  "model": "admin.logentry",
  "pk": 20,
  "fields": {
    "action_time": "2025-05-01T02:34:50.531Z",
    "user": [
      "sushi"
    ],
    "content_type": [
      "api",
      "canteen"
    ],
    "object_id": "2",
    "object_repr": "cgfcgfc",
    "action_flag": 3,
    "change_message": ""
  }
},
{
  "model": "admin.logentry",
  "pk": 21,
  "fields": {
    "action_time": "2025-05-01T02:36:22.962Z",
    "user": [
      "sushi"
    ],
    "content_type": [
      "auth",
      "user"
    ],
    "object_id": "1",
    "object_repr": "sushi",
    "action_flag": 2,
    "change_message": "[{\"changed\": {\"fields\": [\"password\"]}}]"
  }
},
{
  "model": "admin.logentry",
  "pk": 22,
  "fields": {
    "action_time": "2025-05-01T03:29:58.061Z",
    "user": [
      "sushi"
    ],
    "content_type": [
      "api",
      "order"
    ],
    "object_id": "16",
    "object_repr": "Order 16 by aashi at Main-Canteen",
    "action_flag": 2,
    "change_message": "[{\"changed\": {\"fields\": [\"Status\"]}}]"
  }
},
{
  "model": "admin.logentry",
  "pk": 23,
  "fields": {
    "action_time": "2025-05-01T03:31:38.455Z",
    "user": [
      "sushi"
    ],
    "content_type": [
      "api",
      "order"
    ],
    "object_id": "35",
    "object_repr": "Order 35 by sushi at Main-Canteen",
    "action_flag": 2,
    "change_message": "[{\"changed\": {\"fields\": [\"Status\"]}}]"
  }
},
{
  "model": "admin.logentry",
  "pk": 24,
  "fields": {
    "action_time": "2025-05-01T03:49:55.419Z",
    "user": [
      "sushi"
    ],
    "content_type": [
      "api",
      "order"
    ],
    "object_id": "36",
    "object_repr": "Order 36 by sushi at Main-Canteen",
    "action_flag": 2,
    "change_message": "[{\"changed\": {\"fields\": [\"Status\"]}}]"
  }
},
{
  "model": "admin.logentry",
  "pk": 25,
  "fields": {
    "action_time": "2025-05-07T19:12:24.840Z",
    "user": [
      "sushil"
    ],
    "content_type": [
      "api",
      "order"
    ],
    "object_id": "44",
    "object_repr": "Order 44 by susu at Main-Canteen",
    "action_flag": 2,
    "change_message": "[{\"changed\": {\"fields\": [\"Status\"]}}]"
  }
},
{
  "model": "admin.logentry",
  "pk": 26,
  "fields": {
    "action_time": "2025-05-07T20:37:21.797Z",
    "user": [
      "sushil"
    ],
    "content_type": [
      "api",
      "order"
    ],
    "object_id": "45",
    "object_repr": "Order 45 by susu at Main-Canteen",
    "action_flag": 2,
    "change_message": "[{\"changed\": {\"fields\": [\"Status\"]}}]"
  }
},
{
  "model": "admin.logentry",
  "pk": 27,
  "fields": {
    "action_time": "2025-05-07T20:54:12.370Z",
    "user": [
      "sushil"
    ],
    "content_type": [
      "api",
      "order"
    ],
    "object_id": "46",
    "object_repr": "Order 46 by solo at Main-Canteen",
    "action_flag": 2,
    "change_message": "[{\"changed\": {\"fields\": [\"Status\"]}}]"
  }
}
]
